{
  "pl.form.fields": {
    "display_title": "DisplayTitle",
    "display": "Display",
    "stock_available": "StockAvailable",
    "thumbnail_source": "ThumbnailSource",
    "promotion_emphasized": "PromotionEmphasized",
    "category_id": "CategoryID",
    "datetime": "Datetime",
    "original_image_width": "OriginalImageWidth",
    "selling_mode_popularity": "SellingModePopularity",
    "timestamp": "Timestamp",
    "expires": "Expires",
    "content": "Treść",
    "name": "Name",
    "image": "Image",
    "delivery_lowest_price_currency": "DeliveryLowestPriceCurrency",
    "title": "Tytuł",
    "id": "SellerID",
    "id": "PageID",
    "extract": "Extract",
    "stock_unit": "StockUnit",
    "original_image_height": "OriginalImageHeight",
    "roles": "Roles",
    "delivery_available_for_free": "DeliveryAvailableForFree",
    "thumbnail_width": "ThumbnailWidth",
    "message": "Message",
    "html": "ExtractHTML",
    "id": "AllegroID",
    "firstname": "Imię",
    "secret": "Secret",
    "wikibase_item": "WikibaseItem",
    "selling_mode_price_amount": "SellingModePriceAmount",
    "titles_canonical": "TitlesCanonical",
    "id": "NamespaceID",
    "email": "Email",
    "publication_ending_at": "PublicationEndingAt",
    "promotion_bold": "PromotionBold",
    "password": "Haslo",
    "thumbnail_height": "ThumbnailHeight",
    "selling_mode_price_currency": "SellingModePriceCurrency",
    "original_image_source": "OriginalImageSource",
    "username": "Nazwa użytkownika",
    "delivery_lowest_price_amount": "DeliveryLowestPriceAmount",
    "namespace_text": "NamespaceText",
    "dir": "Dir",
    "lang": "Lang",
    "promotion_highlight": "PromotionHighlight",
    "lastname": "Nazwisko",
    "selling_mode_format": "SellingModeFormat",
    "revision": "Revision",
    "seller_company": "SellerCompany",
    "wiki_type": "WikiType",
    "seller_super": "SellerSuper",
    "repeat_password": "Repeat password",
    "submit": "Submit"
  }
}